CREATE TABLE Torcaso (StuID VARCHAR(6) CHARACTER SET utf8);
INSERT INTO Torcaso VALUES ('7E9AFB');
INSERT INTO Torcaso VALUES ('Total');
INSERT INTO Torcaso VALUES ('Weight');

CREATE TABLE Deleonardis (StuID VARCHAR(6) CHARACTER SET utf8);
INSERT INTO Deleonardis VALUES ('4FTGHS');
INSERT INTO Deleonardis VALUES ('Total');
INSERT INTO Deleonardis VALUES ('Weight');

CREATE TABLE Dredze (StuID VARCHAR(6) CHARACTER SET utf8);
INSERT INTO Dredze VALUES ('4FTGHS');
INSERT INTO Dredze VALUES ('Total');
INSERT INTO Dredze VALUES ('Weight');

CREATE TABLE Dinitz (StuID VARCHAR(6) CHARACTER SET utf8);
INSERT INTO Dinitz VALUES ('8P90FG');
INSERT INTO Dinitz VALUES ('Total');
INSERT INTO Dinitz VALUES ('Weight');

CREATE TABLE Eisner (StuID VARCHAR(6) CHARACTER SET utf8);
INSERT INTO Eisner VALUES ('8P90FG');
INSERT INTO Eisner VALUES ('Total');
INSERT INTO Eisner VALUES ('Weight');

CREATE TABLE Audley (StuID VARCHAR(6) CHARACTER SET utf8);
INSERT INTO Audley VALUES ('T93FGH');
INSERT INTO Audley VALUES ('Total');
INSERT INTO Audley VALUES ('Weight');

CREATE TABLE Jedynak (StuID VARCHAR(6) CHARACTER SET utf8);
INSERT INTO Jedynak VALUES ('T93FGH');
INSERT INTO Jedynak VALUES ('Total');
INSERT INTO Jedynak VALUES ('Weight');

CREATE TABLE Diruggiero (StuID VARCHAR(6) CHARACTER SET utf8);
INSERT INTO Diruggiero VALUES ('7E9AFB');
INSERT INTO Diruggiero VALUES ('Total');
INSERT INTO Diruggiero VALUES ('Weight');

CREATE TABLE Pereda (StuID VARCHAR(6) CHARACTER SET utf8);
INSERT INTO Pereda VALUES ('4FTGHS');
INSERT INTO Pereda VALUES ('Total');
INSERT INTO Pereda VALUES ('Weight');

CREATE TABLE Hauknes (StuID VARCHAR(6) CHARACTER SET utf8);
INSERT INTO Hauknes VALUES ('4FTGHS');
INSERT INTO Hauknes VALUES ('Total');
INSERT INTO Hauknes VALUES ('Weight');
 
CREATE TABLE Student (ID VARCHAR(6) CHARACTER SET utf8,Standing INT,Fname VARCHAR(6) CHARACTER SET utf8,Lname VARCHAR(6) CHARACTER SET utf8,Birthday DATETIME,DNO INT,School VARCHAR(2) CHARACTER SET utf8,Pass VARCHAR(11) CHARACTER SET utf8);
INSERT INTO Student VALUES ('7E9AFB',4,'Elaine','Chao','1992-10-27 00:00:00',550,'EN','echaopass');
INSERT INTO Student VALUES ('8P90FG',3,'Daniel','Kim','1994-11-07 00:00:00',600,'EN','dkimpass');
INSERT INTO Student VALUES ('T93FGH',5,'Ashis','Saha','1990-12-25 00:00:00',600,'EN','asahapass');
INSERT INTO Student VALUES ('4FTGHS',2,'Mary ','Banoub','1993-03-04 00:00:00',10,'AS','mbanoubpass');

CREATE TABLE Standing (Standing INT,Year VARCHAR(9) CHARACTER SET utf8);
INSERT INTO Standing VALUES (1,'Freshman');
INSERT INTO Standing VALUES (2,'Sophomore');
INSERT INTO Standing VALUES (3,'Junior');
INSERT INTO Standing VALUES (4,'Senior');
INSERT INTO Standing VALUES (5,'Graduate');

CREATE TABLE Enrolled_in (StuID VARCHAR(6) CHARACTER SET utf8,CourseID VARCHAR(15) CHARACTER SET utf8);
INSERT INTO Enrolled_in VALUES ('4FTGHS','AS.010.101 (01)');
INSERT INTO Enrolled_in VALUES ('4FTGHS','AS.010.233 (01)');
INSERT INTO Enrolled_in VALUES ('7E9AFB','EN.550.311 (02)');
INSERT INTO Enrolled_in VALUES ('4FTGHS','AS.010.320 (01)');
INSERT INTO Enrolled_in VALUES ('4FTGHS','EN.600.475 (01)');
INSERT INTO Enrolled_in VALUES ('8P90FG','EN.600.463 (01)');
INSERT INTO Enrolled_in VALUES ('8P90FG','EN.600.465 (01)');
INSERT INTO Enrolled_in VALUES ('T93FGH','EN.550.444 (02)');
INSERT INTO Enrolled_in VALUES ('T93FGH','EN.550.463 (02)');
INSERT INTO Enrolled_in VALUES ('7E9AFB','AS.020.334 (04)');

CREATE TABLE Instructor (FacID INT,Fname VARCHAR(6) CHARACTER SET utf8,Lname VARCHAR(7) CHARACTER SET utf8,Birthday DATETIME,DNO INT,Pass VARCHAR(10) CHARACTER SET utf8);
INSERT INTO Instructor VALUES (90221,'Bruno','Jedynak','1964-03-14 00:00:00',550,'brunopass');
INSERT INTO Instructor VALUES (30596,'Jason','Eisner','1955-06-12 00:00:00',600,'jasonpass');
INSERT INTO Instructor VALUES (14289,'Felipe','Pereda','1978-10-23 00:00:00',10,'felipepass');
INSERT INTO Instructor VALUES (98012,'Marius','Hauknes','1972-05-08 00:00:00',10,'mariuspass');
INSERT INTO Instructor VALUES (67299,'Fred','Torcaso','1962-12-06 00:00:00',550,'fredpass');

CREATE TABLE Major (DNO INT,Major VARCHAR(19) CHARACTER SET utf8);
INSERT INTO Major VALUES (550,'Applied Mathematics');
INSERT INTO Major VALUES (600,'Computer Science');
INSERT INTO Major VALUES (10,'History');

CREATE TABLE FallCourses (School VARCHAR(35) CHARACTER SET utf8,Class__ VARCHAR(15) CHARACTER SET utf8,Title VARCHAR(102) CHARACTER SET utf8,Areas VARCHAR(2) CHARACTER SET utf8,Writing_Intensive VARCHAR(3) CHARACTER SET utf8,Max_Seats VARCHAR(3) CHARACTER SET utf8,Open_Seats VARCHAR(3) CHARACTER SET utf8,Waitlisted VARCHAR(3) CHARACTER SET utf8,Credits INT,Term VARCHAR(9) CHARACTER SET utf8,Location VARCHAR(18) CHARACTER SET utf8,Day_Times VARCHAR(43) CHARACTER SET utf8,Instructor_s_ VARCHAR(60) CHARACTER SET utf8,Status VARCHAR(17) CHARACTER SET utf8);
INSERT INTO FallCourses VALUES ('Krieger School of Arts and Sciences','AS.010.101 (01)','Introduction to History of European Art I [+]','H','Yes','25','14','0',4,'Fall 2014','Homewood Campus','MW 12:00PM - 1:15PM, F 10:00AM - 10:50AM','F. Pereda','Open');
INSERT INTO FallCourses VALUES ('Krieger School of Arts and Sciences','AS.010.101 (02)','Introduction to History of European Art I [+]','H','Yes','25','15','0',4,'Fall 2014','Homewood Campus','MW 12:00PM - 1:15PM, F 11:00AM - 11:50AM','F. Pereda','Open');
INSERT INTO FallCourses VALUES ('Krieger School of Arts and Sciences','AS.010.101 (03)','Introduction to History of European Art I [+]','H','Yes','25','16','0',4,'Fall 2014','Homewood Campus','MW 12:00PM - 1:15PM, F 12:00PM - 12:50PM','F. Pereda','Open');
INSERT INTO FallCourses VALUES ('Krieger School of Arts and Sciences','AS.010.101 (04)','Introduction to History of European Art I [+]','H','Yes','25','10','0',4,'Fall 2014','Homewood Campus','MW 12:00PM - 1:15PM, F 12:00PM - 12:50PM','F. Pereda','Open');
INSERT INTO FallCourses VALUES ('Krieger School of Arts and Sciences','AS.010.201 (01)','Attack the Canvas! Violence & Aggression in Painting, 1947-1977 [+]','H','No','19','0','0',3,'Fall 2014','Homewood Campus','TTh 12:00PM - 1:15PM','K. Johnson','Waitlist Only');
INSERT INTO FallCourses VALUES ('Krieger School of Arts and Sciences','AS.010.209 (01)','Art Since 1945 [+]','H','No','25','2','0',3,'Fall 2014','Homewood Campus','MW 1:30PM - 2:45PM','M. Warnock','Open');
INSERT INTO FallCourses VALUES ('Krieger School of Arts and Sciences','AS.010.211 (01)','Monuments of Asia [+]','H','No','25','1','0',3,'Fall 2014','Homewood Campus','MW 12:00PM - 1:15PM','R. Brown','Approval Required');
INSERT INTO FallCourses VALUES ('Krieger School of Arts and Sciences','AS.010.212 (01)','Mirror Mirror: Reflections in Art from Van Eyck to Velasquez [+]','H','No','20','5','0',3,'Fall 2014','Homewood Campus','TTh 12:00PM - 1:15PM','M. Merback','Open');
INSERT INTO FallCourses VALUES ('Krieger School of Arts and Sciences','AS.010.232 (01)','Art and Architecture of the Medieval Mediterranean World [+]','H','No','25','13','0',3,'Fall 2014','Homewood Campus','TTh 1:30PM - 2:45PM','C. Lakey','Open');
INSERT INTO FallCourses VALUES ('Krieger School of Arts and Sciences','AS.010.233 (01)','Art and Astrology in the Middle Ages [+]','H','No','15','8','0',3,'Fall 2014','Homewood Campus','TTh 10:30AM - 11:45AM','M. Hauknes','Open');
INSERT INTO FallCourses VALUES ('Krieger School of Arts and Sciences','AS.010.300 (01)','Michelangelo and His Contemporaries: Liscense, Controversy, and Reform in 16th Century Italian Art [+]','H','No','25','10','0',3,'Fall 2014','Homewood Campus','MW 3:00PM - 4:15PM','S. Campbell','Open');
INSERT INTO FallCourses VALUES ('Krieger School of Arts and Sciences','AS.010.301 (01)','Art and Interactions in the Eastern Mediterranean from 2000-500 BCE [+]','H','No','25','22','0',3,'Fall 2014','Homewood Campus','MW 1:30PM - 2:45PM','M. Feldman','Open');
INSERT INTO FallCourses VALUES ('Krieger School of Arts and Sciences','AS.010.303 (01)','Flavian Art, AD 69-96 [+]','H','No','25','14','0',3,'Fall 2014','Homewood Campus','TTh 1:30PM - 2:45PM','P. Tucci','Open');
INSERT INTO FallCourses VALUES ('Krieger School of Arts and Sciences','AS.010.320 (01)','Art of Colonial Peru [+]','H','No','25','19','0',3,'Fall 2014','Homewood Campus','TTh 3:00PM - 4:15PM','L. Deleonardis','Open');
INSERT INTO FallCourses VALUES ('Krieger School of Arts and Sciences','AS.010.365 (01)','Art of the Ancient Andes [+]','H','No','25','15','0',3,'Fall 2014','Homewood Campus','TTh 10:30AM - 11:45AM','L. Deleonardis','Open');
INSERT INTO FallCourses VALUES ('Krieger School of Arts and Sciences','AS.010.400 (01)','Looking at Language: Vision and Textuality from Surrealism to the Present [+]','H','No','10','3','0',3,'Fall 2014','Homewood Campus','T 3:00PM - 5:30PM','M. Warnock','Open');
INSERT INTO FallCourses VALUES ('Krieger School of Arts and Sciences','AS.010.401 (01)','Early Modern Vision and Artistic Practice [+]','H','Yes','10','6','0',3,'Fall 2014','Homewood Campus','M 4:00PM - 6:30PM','C. Fowler','Open');
INSERT INTO FallCourses VALUES ('Krieger School of Arts and Sciences','AS.020.153 (04)','General Biology Laboratory I [+]','N','No','72','11','0',1,'Fall 2014','Homewood Campus','Th 1:30PM - 4:20PM','R. Pearlman','Open');
INSERT INTO FallCourses VALUES ('Krieger School of Arts and Sciences','AS.020.153 (05)','General Biology Laboratory I [+]','N','No','72','33','0',1,'Fall 2014','Homewood Campus','F 1:30PM - 4:20PM','R. Pearlman','Open');
INSERT INTO FallCourses VALUES ('Krieger School of Arts and Sciences','AS.020.161 (01)','Biology Workshop I [+]','N','No','35','5','0',1,'Fall 2014','Homewood Campus','T 12:00PM - 12:50PM','R. Pearlman','Open');
INSERT INTO FallCourses VALUES ('Krieger School of Arts and Sciences','AS.020.243 (01)','Proteins, Genetics and Human Diseases [+]','N','No','19','6','0',3,'Fall 2014','Homewood Campus','MW 11:00AM - 12:50PM','D. Prosser','Open');
INSERT INTO FallCourses VALUES ('Krieger School of Arts and Sciences','AS.020.243 (02)','Proteins, Genetics and Human Diseases [+]','N','No','19','4','0',3,'Fall 2014','Homewood Campus','TTh 11:00AM - 12:50PM','D. Prosser','Open');
INSERT INTO FallCourses VALUES ('Krieger School of Arts and Sciences','AS.020.305 (01)','Biochemistry [+]','N','No','470','86','0',4,'Fall 2014','Homewood Campus','MWF 12:00PM - 1:20PM','E. Fisher, V. Hilser, C. Kaiser, Y. Lee, K. Tifft Oshinnaiye','Open');
INSERT INTO FallCourses VALUES ('Krieger School of Arts and Sciences','AS.020.305 (31)','JHUBiochemistry [+]','N','No','10','10','0',4,'Fall 2014','Off site (Not JHU)',NULL,'J. Schildbach','Approval Required');
INSERT INTO FallCourses VALUES ('Krieger School of Arts and Sciences','AS.020.315 (01)','Biochemistry Laboratory [+]','N','No','40','3','0',2,'Fall 2014','Homewood Campus','W 1:30PM - 2:20PM, M 1:30PM - 4:30PM','R. Horner','Open');
INSERT INTO FallCourses VALUES ('Krieger School of Arts and Sciences','AS.020.315 (02)','Biochemistry Laboratory [+]','N','No','40','12','0',2,'Fall 2014','Homewood Campus','W 1:30PM - 2:20PM, T 1:30PM - 4:30PM','R. Horner','Open');
INSERT INTO FallCourses VALUES ('Krieger School of Arts and Sciences','AS.020.315 (03)','Biochemistry Laboratory [+]','N','No','40','0','0',2,'Fall 2014','Homewood Campus','W 1:30PM - 2:20PM, W 2:30PM - 5:30PM','R. Horner','Waitlist Only');
INSERT INTO FallCourses VALUES ('Krieger School of Arts and Sciences','AS.020.315 (04)','Biochemistry Laboratory [+]','N','No','30','4','0',2,'Fall 2014','Homewood Campus','W 1:30PM - 2:20PM, Th 1:30PM - 4:30PM','R. Horner','Open');
INSERT INTO FallCourses VALUES ('Krieger School of Arts and Sciences','AS.020.315 (05)','Biochemistry Laboratory [+]','N','No','26','0','0',2,'Fall 2014','Homewood Campus','W 1:30PM - 2:20PM, F 1:30PM - 4:30PM','R. Horner','Waitlist Only');
INSERT INTO FallCourses VALUES ('Krieger School of Arts and Sciences','AS.020.315 (06)','Biochemistry Laboratory [+]','N','No','40','8','0',2,'Fall 2014','Homewood Campus','W 1:30PM - 2:20PM, M 1:30PM - 4:30PM','R. Horner','Open');
INSERT INTO FallCourses VALUES ('Krieger School of Arts and Sciences','AS.020.315 (07)','Biochemistry Laboratory [+]','N','No','20','6','0',2,'Fall 2014','Homewood Campus','W 1:30PM - 2:20PM, T 1:30PM - 4:30PM','R. Horner','Open');
INSERT INTO FallCourses VALUES ('Krieger School of Arts and Sciences','AS.020.315 (08)','Biochemistry Laboratory [+]','N','No','20','8','0',2,'Fall 2014','Homewood Campus','W 1:30PM - 2:20PM, W 2:30PM - 5:30PM','R. Horner','Open');
INSERT INTO FallCourses VALUES ('Krieger School of Arts and Sciences','AS.020.315 (09)','Biochemistry Laboratory [+]','N','No','10','4','0',2,'Fall 2014','Homewood Campus','W 1:30PM - 2:20PM, Th 1:30PM - 4:30PM','R. Horner','Open');
INSERT INTO FallCourses VALUES ('Krieger School of Arts and Sciences','AS.020.315 (10)','Biochemistry Laboratory [+]','N','No','16','0','0',2,'Fall 2014','Homewood Campus','W 1:30PM - 2:20PM, F 1:30PM - 4:30PM','R. Horner','Waitlist Only');
INSERT INTO FallCourses VALUES ('Krieger School of Arts and Sciences','AS.020.315 (31)','Biochemistry Laboratory [+]','N','No','6','6','0',2,'Fall 2014','Off site (Not JHU)',NULL,'J. Schildbach','Approval Required');
INSERT INTO FallCourses VALUES ('Krieger School of Arts and Sciences','AS.020.317 (01)','Signaling in Development and Disease [+]','N','No','75','62','N/A',3,'Fall 2014','Homewood Campus','MW 3:00PM - 4:15PM','R. Kuruvilla','Open');
INSERT INTO FallCourses VALUES ('Krieger School of Arts and Sciences','AS.020.329 (01)','Microbiology [+]','N','No','37','0','0',3,'Fall 2014','Homewood Campus','TTh 10:30AM - 11:45AM','J. Diruggiero, E. Fisher','Waitlist Only');
INSERT INTO FallCourses VALUES ('Krieger School of Arts and Sciences','AS.020.330 (01)','Genetics [+]','N','No','320','171','0',3,'Fall 2014','Homewood Campus','MWF 10:00AM - 10:50AM','K. Cunningham, E. Fisher, M. Hoyt','Open');
INSERT INTO FallCourses VALUES ('Krieger School of Arts and Sciences','AS.020.330 (31)','Genetics [+]','N','No','6','6','0',3,'Fall 2014','Off site (Not JHU)',NULL,'J. Schildbach','Approval Required');
INSERT INTO FallCourses VALUES ('Krieger School of Arts and Sciences','AS.020.331 (01)','Human Genetics [+]','N','No','100','2','0',2,'Fall 2014','Homewood Campus','TTh 10:30AM - 11:20AM','E. Hedgecock','Open');
INSERT INTO FallCourses VALUES ('Krieger School of Arts and Sciences','AS.020.334 (01)','Planets, Life and the Universe [+]','N','No','38','4','0',3,'Fall 2014','Homewood Campus','MWF 11:00AM - 11:50AM','J. Diruggiero, N. Levin, C. Norman','Open');
INSERT INTO FallCourses VALUES ('Krieger School of Arts and Sciences','AS.020.340 (01)','Genetics Laboratory [+]','N','No','22','9','0',2,'Fall 2014','Homewood Campus','T 1:30PM - 5:20PM','C. Norris','Open');
INSERT INTO FallCourses VALUES ('Krieger School of Arts and Sciences','AS.020.340 (02)','Genetics Laboratory [+]','N','No','23','6','0',2,'Fall 2014','Homewood Campus','W 1:30PM - 5:20PM','C. Norris','Open');
INSERT INTO FallCourses VALUES ('Krieger School of Arts and Sciences','AS.020.340 (03)','Genetics Laboratory [+]','N','No','22','8','0',2,'Fall 2014','Homewood Campus','Th 1:30PM - 5:20PM','C. Norris','Open');
INSERT INTO FallCourses VALUES ('Krieger School of Arts and Sciences','AS.020.340 (04)','Genetics Laboratory [+]','N','No','11','10','0',2,'Fall 2014','Homewood Campus','T 1:30PM - 5:20PM','C. Norris','Open');
INSERT INTO FallCourses VALUES ('Krieger School of Arts and Sciences','AS.020.340 (05)','Genetics Laboratory [+]','N','No','14','10','0',2,'Fall 2014','Homewood Campus','W 1:30PM - 5:20PM','C. Norris','Open');
INSERT INTO FallCourses VALUES ('Krieger School of Arts and Sciences','AS.020.340 (06)','Genetics Laboratory [+]','N','No','11','3','0',2,'Fall 2014','Homewood Campus','Th 1:30PM - 5:20PM','C. Norris','Open');
INSERT INTO FallCourses VALUES ('Whiting School of Engineering','EN.550.310 (02)','Probability & Statistics for the Physical Sciences & Engineering [+]','EQ','No','30','1','0',4,'Fall 2014','Homewood Campus','MWF 11:00AM - 11:50AM, T 3:00PM - 3:50PM','F. Torcaso','Open');
INSERT INTO FallCourses VALUES ('Whiting School of Engineering','EN.550.310 (03)','Probability & Statistics for the Physical Sciences & Engineering [+]','EQ','No','30','4','0',4,'Fall 2014','Homewood Campus','MWF 11:00AM - 11:50AM, T 4:30PM - 5:20PM','F. Torcaso','Open');
INSERT INTO FallCourses VALUES ('Whiting School of Engineering','EN.550.311 (01)','Probability and Statistics for the Biological Sciences and Engineering [+]','EQ','No','40','15','0',4,'Fall 2014','Homewood Campus','MWF 10:00AM - 10:50AM, T 9:00AM - 9:50AM','B. Jedynak','Open');
INSERT INTO FallCourses VALUES ('Whiting School of Engineering','EN.550.311 (02)','Probability and Statistics for the Biological Sciences and Engineering [+]','EQ','No','40','7','0',4,'Fall 2014','Homewood Campus','MWF 10:00AM - 10:50AM, T 3:00PM - 3:50PM','B. Jedynak','Open');
INSERT INTO FallCourses VALUES ('Whiting School of Engineering','EN.550.361 (01)','Intro to Optimization [+]','EQ','No','34','1','0',4,'Fall 2014','Homewood Campus','MWF 10:00AM - 10:50AM, Th 1:30PM - 2:20PM','D. Fishkind','Waitlist Only');
INSERT INTO FallCourses VALUES ('Whiting School of Engineering','EN.550.361 (02)','Intro to Optimization [+]','EQ','No','34','8','0',4,'Fall 2014','Homewood Campus','MWF 10:00AM - 10:50AM, Th 3:00PM - 3:50PM','D. Fishkind','Open');
INSERT INTO FallCourses VALUES ('Whiting School of Engineering','EN.550.361 (03)','Intro to Optimization [+]','EQ','No','34','2','0',4,'Fall 2014','Homewood Campus','MWF 10:00AM - 10:50AM, Th 9:00AM - 9:50AM','D. Fishkind','Open');
INSERT INTO FallCourses VALUES ('Whiting School of Engineering','EN.550.361 (04)','Intro to Optimization [+]','EQ','No','34','5','0',4,'Fall 2014','Homewood Campus','MWF 10:00AM - 10:50AM, Th 4:30PM - 5:20PM','D. Fishkind','Open');
INSERT INTO FallCourses VALUES ('Whiting School of Engineering','EN.550.385 (01)','Scientific Computing: Linear Algebra [+]','EQ','No','30','16','0',4,'Fall 2014','Homewood Campus','MWF 12:00PM - 12:50PM, T 3:00PM - 3:50PM','W. Hacker','Open');
INSERT INTO FallCourses VALUES ('Whiting School of Engineering','EN.550.391 (01)','Dynamical Systems [+]','EQ','No','24','16','0',4,'Fall 2014','Homewood Campus','MWF 11:00AM - 11:50AM, Th 12:00PM - 12:50PM','W. Hacker','Open');
INSERT INTO FallCourses VALUES ('Whiting School of Engineering','EN.550.400 (01)','Mathematical Modeling and Consulting [+]','EQ','No','30','18','0',4,'Fall 2014','Homewood Campus','MW 3:00PM - 4:15PM, F 3:00PM - 3:50PM','B. Castello','Open');
INSERT INTO FallCourses VALUES ('Whiting School of Engineering','EN.550.413 (01)','Applied Statistics and Data Analysis [+]','EQ','No','25','15','0',4,'Fall 2014','Homewood Campus','MW 3:00PM - 4:15PM, F 3:00PM - 3:50PM','M. Tang','Open');
INSERT INTO FallCourses VALUES ('Whiting School of Engineering','EN.550.413 (02)','Applied Statistics and Data Analysis [+]','EQ','No','35','3','0',4,'Fall 2014','Homewood Campus','MW 3:00PM - 4:15PM, F 3:00PM - 3:50PM','M. Tang','Open');
INSERT INTO FallCourses VALUES ('Whiting School of Engineering','EN.550.420 (01)','Intro to Probability [+]','EQ','No','30','7','0',4,'Fall 2014','Homewood Campus','MWF 1:30PM - 2:20PM, Th 10:30AM - 11:20AM','J. Wierman','Open');
INSERT INTO FallCourses VALUES ('Whiting School of Engineering','EN.550.420 (02)','Intro to Probability [+]','EQ','No','30','1','0',4,'Fall 2014','Homewood Campus','MWF 1:30PM - 2:20PM, Th 12:00PM - 12:50PM','J. Wierman','Open');
INSERT INTO FallCourses VALUES ('Whiting School of Engineering','EN.550.420 (03)','Intro to Probability [+]','EQ','No','30','6','0',4,'Fall 2014','Homewood Campus','MWF 1:30PM - 2:20PM, Th 1:30PM - 2:20PM','J. Wierman','Open');
INSERT INTO FallCourses VALUES ('Whiting School of Engineering','EN.550.420 (04)','Intro to Probability [+]','EQ','No','30','15','0',4,'Fall 2014','Homewood Campus','MWF 1:30PM - 2:20PM, Th 3:00PM - 3:50PM','J. Wierman','Open');
INSERT INTO FallCourses VALUES ('Whiting School of Engineering','EN.550.427 (01)','Stochastic Processes and Applications to Finance [+]','Q','No','30','5','0',4,'Fall 2014','Homewood Campus','MWF 11:00AM - 11:50AM, Th 12:00PM - 12:50PM','D. Athreya','Open');
INSERT INTO FallCourses VALUES ('Whiting School of Engineering','EN.550.427 (02)','Stochastic Processes and Applications to Finance [+]','Q','No','20','1','0',4,'Fall 2014','Homewood Campus','MWF 11:00AM - 11:50AM, Th 12:00PM - 12:50PM','D. Athreya','Open');
INSERT INTO FallCourses VALUES ('Whiting School of Engineering','EN.550.433 (01)','Monte Carlo Methods [+]','EQ','No','25','0','0',4,'Fall 2014','Homewood Campus','MW 4:30PM - 5:45PM, T 3:00PM - 3:50PM','J. Spall','Waitlist Only');
INSERT INTO FallCourses VALUES ('Whiting School of Engineering','EN.550.433 (02)','Monte Carlo Methods [+]','EQ','No','35','10','0',4,'Fall 2014','Homewood Campus','MW 4:30PM - 5:45PM, T 3:00PM - 3:50PM','J. Spall','Open');
INSERT INTO FallCourses VALUES ('Whiting School of Engineering','EN.550.436 (01)','Data Mining [+]','EQ','No','24','0','0',4,'Fall 2014','Homewood Campus','MW 1:30PM - 2:45PM, Th 10:30AM - 11:20AM','B. Jedynak','Waitlist Only');
INSERT INTO FallCourses VALUES ('Whiting School of Engineering','EN.550.436 (02)','Data Mining [+]','EQ','No','24','1','0',4,'Fall 2014','Homewood Campus','MW 1:30PM - 2:45PM, Th 12:00PM - 12:50PM','B. Jedynak','Open');
INSERT INTO FallCourses VALUES ('Whiting School of Engineering','EN.550.438 (01)','Machine Learning and Statistical Analysis in Finance [+]','EQ','No','25','1','0',4,'Fall 2014','Homewood Campus','TTh 10:30AM - 11:45AM, F 10:00AM - 10:50AM','L. Chang','Open');
INSERT INTO FallCourses VALUES ('Whiting School of Engineering','EN.550.442 (01)','Investment Science [+]','EQ','No','30','5','N/A',4,'Fall 2014','Homewood Campus','MTh 7:00PM - 8:15PM, F 9:00AM - 9:50AM','P. Liu','Open');
INSERT INTO FallCourses VALUES ('Whiting School of Engineering','EN.550.442 (02)','Investment Science [+]','EQ','No','30','8','N/A',4,'Fall 2014','Homewood Campus','MTh 7:00PM - 8:15PM, F 9:00AM - 9:50AM','P. Liu','Open');
INSERT INTO FallCourses VALUES ('Whiting School of Engineering','EN.550.444 (01)','Introduction to Financial Derivatives [+]','EQ','No','30','5','0',4,'Fall 2014','Homewood Campus','MW 3:00PM - 4:15PM, F 3:00PM - 3:50PM','D. Audley','Open');
INSERT INTO FallCourses VALUES ('Whiting School of Engineering','EN.550.444 (02)','Introduction to Financial Derivatives [+]','EQ','No','30','0','0',4,'Fall 2014','Homewood Campus','MW 3:00PM - 4:15PM, F 3:00PM - 3:50PM','D. Audley','Waitlist Only');
INSERT INTO FallCourses VALUES ('Whiting School of Engineering','EN.550.446 (01)','Risk Measurement/Management in Financial Markets [+]','EQ','No','25','7','0',4,'Fall 2014','Homewood Campus','F 12:00PM - 12:50PM, MW 12:00PM - 1:15PM','D. Audley','Open');
INSERT INTO FallCourses VALUES ('Whiting School of Engineering','EN.550.446 (02)','Risk Measurement/Management in Financial Markets [+]','EQ','No','20','12','0',4,'Fall 2014','Homewood Campus','F 12:00PM - 12:50PM, MW 12:00PM - 1:15PM','D. Audley','Open');
INSERT INTO FallCourses VALUES ('Whiting School of Engineering','EN.600.337 (01)','Distributed Systems [+]','E','No','30','11','0',3,'Fall 2014','Homewood Campus','TTh 3:00PM - 4:15PM','Y. Amir','Open');
INSERT INTO FallCourses VALUES ('Whiting School of Engineering','EN.600.357 (01)','Computer Graphics [+]','EQ','No','20','1','N/A',3,'Fall 2014','Homewood Campus','MWF 11:00AM - 11:50AM','M. Kazhdan','Open');
INSERT INTO FallCourses VALUES ('Whiting School of Engineering','EN.600.363 (01)','Introduction to Algorithms [+]','EQ','No','30','6','0',3,'Fall 2014','Homewood Campus','TTh 1:30PM - 2:45PM','M. Dinitz','Open');
INSERT INTO FallCourses VALUES ('Whiting School of Engineering','EN.600.415 (01)','Databases [+]','E','No','40','1','0',3,'Fall 2014','Homewood Campus','TTh 3:00PM - 4:15PM','D. Yarowsky','Open');
INSERT INTO FallCourses VALUES ('Whiting School of Engineering','EN.600.421 (01)','Object Oriented Software Engineering [+]','E','No','40','0','0',3,'Fall 2014','Homewood Campus','MW 1:30PM - 2:45PM','Z. Palmer','Waitlist Only');
INSERT INTO FallCourses VALUES ('Whiting School of Engineering','EN.600.437 (01)','Distributed Systems [+]','E','No','30','0','0',3,'Fall 2014','Homewood Campus','TTh 3:00PM - 4:15PM','Y. Amir','Waitlist Only');
INSERT INTO FallCourses VALUES ('Whiting School of Engineering','EN.600.439 (01)','Computational Genomics [+]','E','No','20','4','0',3,'Fall 2014','Homewood Campus','TTh 12:00PM - 1:15PM','B. Langmead','Open');
INSERT INTO FallCourses VALUES ('Whiting School of Engineering','EN.600.442 (01)','Modern Cryptography [+]','EQ','No','30','14','0',3,'Fall 2014','Homewood Campus','TTh 4:30PM - 5:45PM','C. Pappacena','Open');
INSERT INTO FallCourses VALUES ('Whiting School of Engineering','EN.600.443 (01)','Security & Privacy in Computing [+]','E','No','45','14','0',3,'Fall 2014','Homewood Campus','MW 1:30PM - 2:45PM','A. Rubin','Open');
INSERT INTO FallCourses VALUES ('Whiting School of Engineering','EN.600.445 (01)','Computer Integrated Surgery I [+]','E','No','30','3','0',4,'Fall 2014','Homewood Campus','TTh 1:30PM - 2:45PM','R. Taylor','Open');
INSERT INTO FallCourses VALUES ('Whiting School of Engineering','EN.600.457 (01)','Computer Graphics [+]','EQ','No','35','24','N/A',3,'Fall 2014','Homewood Campus','MWF 11:00AM - 11:50AM','M. Kazhdan','Open');
INSERT INTO FallCourses VALUES ('Whiting School of Engineering','EN.600.460 (01)','Software Vulnerability Analysis [+]','E','No','40','16','N/A',3,'Fall 2014','Homewood Campus','TTh 1:30PM - 2:45PM','S. Checkoway','Open');
INSERT INTO FallCourses VALUES ('Whiting School of Engineering','EN.600.461 (01)','Computer Vision [+]','EQ','No','20','8','0',3,'Fall 2014','Homewood Campus','TTh 3:00PM - 4:15PM','R. Vidal','Open');
INSERT INTO FallCourses VALUES ('Whiting School of Engineering','EN.600.463 (01)','Algorithms I [+]','EQ','No','30','7','0',3,'Fall 2014','Homewood Campus','TTh 1:30PM - 2:45PM','M. Dinitz','Open');
INSERT INTO FallCourses VALUES ('Whiting School of Engineering','EN.600.464 (01)','Randomized Algorithms [+]','EQ','No','20','6','0',3,'Fall 2014','Homewood Campus','TTh 9:00AM - 10:15AM','V. Braverman','Open');
INSERT INTO FallCourses VALUES ('Whiting School of Engineering','EN.600.465 (01)','Natural Language Processing [+]','E','No','48','17','0',3,'Fall 2014','Homewood Campus','MWF 3:00PM - 3:50PM','J. Eisner','Open');
INSERT INTO FallCourses VALUES ('Whiting School of Engineering','EN.600.471 (01)','Theory of Computation [+]','EQ','No','40','28','0',3,'Fall 2014','Homewood Campus','TTh 12:00PM - 1:15PM','X. Li','Open');
INSERT INTO FallCourses VALUES ('Whiting School of Engineering','EN.600.475 (01)','Introduction to Machine Learning [+]','E','No','75','15','0',3,'Fall 2014','Homewood Campus','TTh 1:30PM - 2:45PM','M. Dredze','Open');
INSERT INTO FallCourses VALUES ('Whiting School of Engineering','EN.600.476 (01)','Machine Learning in Complex Domains [+]','EQ','No','15','15','0',3,'Fall 2014','Homewood Campus','MW 1:30PM - 2:45PM','S. Saria','Canceled');
INSERT INTO FallCourses VALUES ('Whiting School of Engineering','EN.600.479 (01)','Representation Learning [+]','E','No','20','11','0',3,'Fall 2014','Homewood Campus','TTh 3:00PM - 4:15PM','R. Arora','Open');
INSERT INTO FallCourses VALUES ('Whiting School of Engineering','EN.600.491 (05)','Computer Science Workshop I [+]','E','No','N/A','N/A','0',0,'Fall 2014','Homewood Campus',NULL,'S. Smith','Approval Required');
INSERT INTO FallCourses VALUES ('Whiting School of Engineering','EN.600.491 (06)','Computer Science Workshop I [+]','E','No','N/A','N/A','0',0,'Fall 2014','Homewood Campus',NULL,'J. Selinski','Approval Required');
INSERT INTO FallCourses VALUES ('Whiting School of Engineering','EN.600.491 (13)','Computer Science Workshop I [+]','E','No','N/A','N/A','0',0,'Fall 2014','Homewood Campus',NULL,'D. Yarowsky','Approval Required');
INSERT INTO FallCourses VALUES ('Whiting School of Engineering','EN.600.491 (28)','Computer Science Workshop I [+]','E','No','N/A','N/A','0',0,'Fall 2014','Homewood Campus',NULL,'P. Froehlich','Approval Required');
